timestamp,requests
2026-01-01 00:00:00,46
2026-01-01 00:01:00,41
2026-01-01 00:02:00,55
2026-01-01 00:03:00,58
2026-01-01 00:04:00,53
2026-01-01 00:05:00,49
2026-01-01 00:06:00,42
2026-01-01 00:07:00,53
2026-01-01 00:08:00,41
2026-01-01 00:09:00,50
2026-01-01 00:10:00,43
2026-01-01 00:11:00,50
2026-01-01 00:12:00,44
2026-01-01 00:13:00,56
2026-01-01 00:14:00,53
2026-01-01 00:15:00,42
2026-01-01 00:16:00,40
2026-01-01 00:17:00,55
2026-01-01 00:18:00,51
2026-01-01 00:19:00,58
2026-01-01 00:20:00,55
2026-01-01 00:21:00,47
2026-01-01 00:22:00,59
2026-01-01 00:23:00,57
2026-01-01 00:24:00,40
2026-01-01 00:25:00,48
2026-01-01 00:26:00,48
2026-01-01 00:27:00,59
2026-01-01 00:28:00,57
2026-01-01 00:29:00,47
2026-01-01 00:30:00,46
2026-01-01 00:31:00,45
2026-01-01 00:32:00,43
2026-01-01 00:33:00,40
2026-01-01 00:34:00,52
2026-01-01 00:35:00,49
2026-01-01 00:36:00,58
2026-01-01 00:37:00,46
2026-01-01 00:38:00,42
2026-01-01 00:39:00,48
2026-01-01 00:40:00,438
2026-01-01 00:41:00,508
2026-01-01 00:42:00,548
2026-01-01 00:43:00,504
2026-01-01 00:44:00,400
2026-01-01 00:45:00,487
2026-01-01 00:46:00,529
2026-01-01 00:47:00,414
2026-01-01 00:48:00,469
2026-01-01 00:49:00,429
2026-01-01 00:50:00,416
2026-01-01 00:51:00,504
2026-01-01 00:52:00,404
2026-01-01 00:53:00,422
2026-01-01 00:54:00,434
2026-01-01 00:55:00,430
2026-01-01 00:56:00,403
2026-01-01 00:57:00,443
2026-01-01 00:58:00,460
2026-01-01 00:59:00,446
2026-01-01 01:00:00,435
2026-01-01 01:01:00,479
2026-01-01 01:02:00,523
2026-01-01 01:03:00,417
2026-01-01 01:04:00,510
2026-01-01 01:05:00,523
2026-01-01 01:06:00,488
2026-01-01 01:07:00,543
2026-01-01 01:08:00,468
2026-01-01 01:09:00,455
2026-01-01 01:10:00,79
2026-01-01 01:11:00,65
2026-01-01 01:12:00,62
2026-01-01 01:13:00,66
2026-01-01 01:14:00,69
2026-01-01 01:15:00,75
2026-01-01 01:16:00,69
2026-01-01 01:17:00,68
2026-01-01 01:18:00,60
2026-01-01 01:19:00,74
2026-01-01 01:20:00,69
2026-01-01 01:21:00,74
2026-01-01 01:22:00,62
2026-01-01 01:23:00,79
2026-01-01 01:24:00,60
2026-01-01 01:25:00,63
2026-01-01 01:26:00,65
2026-01-01 01:27:00,72
2026-01-01 01:28:00,72
2026-01-01 01:29:00,69
2026-01-01 01:30:00,75
2026-01-01 01:31:00,72
2026-01-01 01:32:00,73
2026-01-01 01:33:00,62
2026-01-01 01:34:00,70
2026-01-01 01:35:00,63
2026-01-01 01:36:00,66
2026-01-01 01:37:00,69
2026-01-01 01:38:00,65
2026-01-01 01:39:00,77
2026-01-01 01:40:00,77
2026-01-01 01:41:00,71
2026-01-01 01:42:00,61
2026-01-01 01:43:00,67
2026-01-01 01:44:00,79
2026-01-01 01:45:00,74
2026-01-01 01:46:00,76
2026-01-01 01:47:00,61
2026-01-01 01:48:00,75
2026-01-01 01:49:00,75
2026-01-01 01:50:00,76
2026-01-01 01:51:00,70
2026-01-01 01:52:00,76
2026-01-01 01:53:00,61
2026-01-01 01:54:00,72
2026-01-01 01:55:00,77
2026-01-01 01:56:00,64
2026-01-01 01:57:00,62
2026-01-01 01:58:00,62
2026-01-01 01:59:00,63
